[
  {
    "id": "ed19d3c9-28fa-4f40-919d-3bbc6629283b",
    "data": [
      {
        "text": "My lucky number is ",
        "userDefined": false
      },
      {
        "text": "18",
        "meta": "@sys.number",
        "alias": "number",
        "userDefined": false
      }
    ],
    "isTemplate": false,
    "count": 0,
    "lang": "en",
    "updated": 0
  },
  {
    "id": "f970363f-b0ac-4d81-9e3f-420282c15483",
    "data": [
      {
        "text": "The luckiest number I have is ",
        "userDefined": false
      },
      {
        "text": "12",
        "meta": "@sys.number",
        "alias": "number",
        "userDefined": false
      }
    ],
    "isTemplate": false,
    "count": 0,
    "lang": "en",
    "updated": 0
  },
  {
    "id": "e7461035-39aa-4b96-8ae6-392a49e67dd4",
    "data": [
      {
        "text": "23",
        "meta": "@sys.number",
        "alias": "number",
        "userDefined": false
      }
    ],
    "isTemplate": false,
    "count": 0,
    "lang": "en",
    "updated": 0
  },
  {
    "id": "57538eb0-b5aa-40df-babd-6afdbf273d52",
    "data": [
      {
        "text": "My lucky number is ",
        "userDefined": false
      },
      {
        "text": "23",
        "meta": "@sys.number",
        "alias": "number",
        "userDefined": true
      }
    ],
    "isTemplate": false,
    "count": 0,
    "lang": "en",
    "updated": 0
  }
]